breed,genetic_disorder_1,genetic_disorder_2,genetic_disorder_3,genetic_disorder_4,genetic_disorder_5,genetic_disorder_6,genetic_disorder_7,genetic_disorder_8,genetic_disorder_9,genetic_disorder_10,genetic_disorder_11,genetic_disorder_12,genetic_disorder_13,genetic_disorder_14,genetic_disorder_15,genetic_disorder_16,genetic_disorder_17,genetic_disorder_18,genetic_disorder_19,genetic_disorder_20,genetic_disorder_21,genetic_disorder_22,genetic_disorder_23,genetic_disorder_24,genetic_disorder_25,genetic_disorder_26,genetic_disorder_27,genetic_disorder_28,genetic_disorder_29,genetic_disorder_30,genetic_disorder_31,genetic_disorder_32,genetic_disorder_33,genetic_disorder_34,genetic_disorder_35,genetic_disorder_36,genetic_disorder_37,genetic_disorder_38,genetic_disorder_39,genetic_disorder_40,genetic_disorder_41,genetic_disorder_42,other_disorder_1,other_disorder_2,other_disorder_3,other_disorder_4,other_disorder_5,other_disorder_6,other_disorder_7
Affenpinscher,Hip dysplasia,,,,,,,,,,,,,,,,,,,,,,,,,,,,,,,,,,,,,,,,,,Cataracts,,,,,,
Afghan hound,Cataracts,Corneal dystrophy,Demodicosis/ Demodectic mange,Hip dysplasia,Hypothyroidism,,,,,,,,,,,,,,,,,,,,,,,,,,,,,,,,,,,,,,Glaucoma,Progressive retinal atrophy,Retinal dysplasia,,,,
Airedale terrier,Cerebellar abiotrophy(ataxia),Corneal dystrophy,Entropion,Hip dysplasia,Hypothyroidism,Pulmonic stenosis,von Willebrand's disease,,,,,,,,,,,,,,,,,,,,,,,,,,,,,,,,,,,,Progressive retinal atrophy,Retinal dysplasia,,,,,
Akbash dog,Hip dysplasia,,,,,,,,,,,,,,,,,,,,,,,,,,,,,,,,,,,,,,,,,,,,,,,,
Akita,Cataracts,Entropion,Hip dysplasia,Microphthalmia; ocular dysgenesis,Pemphigus,Progressive retinal atrophy,Retinal dysplasia,sebaceous adenitis,,,,,,,,,,,,,,,,,,,,,,,,,,,,,,,,,,,Glaucoma,,,,,,
Alaskan malamute,Cataracts,Diabetes mellitus,Glaucoma,Hip dysplasia,Osteochondrodysplasia - skeletal dwarfism,zinc-responsive dermatosis,,,,,,,,,,,,,,,,,,,,,,,,,,,,,,,,,,,,,Corneal dystrophy,Hypothyroidism,Peripheral neuropathies,Progressive retinal atrophy,,,
American bulldog,Elbow dysplasia - OCD of the elbow,Hip dysplasia,Lysosomal storage diseases,,,,,,,,,,,,,,,,,,,,,,,,,,,,,,,,,,,,,,,,,,,,,,
American eskimo dog,Pyruvate kinase (PK) deficiency,,,,,,,,,,,,,,,,,,,,,,,,,,,,,,,,,,,,,,,,,,,,,,,,
American pit bull terrier,Demodicosis/ Demodectic mange,,,,,,,,,,,,,,,,,,,,,,,,,,,,,,,,,,,,,,,,,,Atopy,Cleft lip/palate,Hip dysplasia,Hypothyroidism,Patellar luxation,ichthyosis,zinc-responsive dermatosis
American Staffordshire terrier,Demodicosis/ Demodectic mange,Disorders of sexual development - sexual reversal,Hip dysplasia,,,,,,,,,,,,,,,,,,,,,,,,,,,,,,,,,,,,,,,,Cataracts,Progressive retinal atrophy,,,,,
American water spaniel,Growth hormone-responsive dermatosis; adrenal sex hormone responsive dermatosis,Hip dysplasia,pattern baldness,,,,,,,,,,,,,,,,,,,,,,,,,,,,,,,,,,,,,,,,Cataracts,Retinal dysplasia,,,,,
Australian cattle dog,Cataracts,Deafness,Dermatomyositis and ulcerative dermatosis,Hip dysplasia,Portosystemic shunt,Progressive retinal atrophy,,,,,,,,,,,,,,,,,,,,,,,,,,,,,,,,,,,,,Retinal dysplasia,,,,,,
Australian kelpie,Cerebellar abiotrophy(ataxia),Globoid cell leukodystrophy (galactocerebrosidosis),,,,,,,,,,,,,,,,,,,,,,,,,,,,,,,,,,,,,,,,,Cutaneous asthenia (Ehlers-Danlos syndrome),Progressive retinal atrophy,,,,,
Australian shepherd,Cataracts,Deafness,Hip dysplasia,Microphthalmia; ocular dysgenesis,Progressive retinal atrophy,Retinal dysplasia,,,,,,,,,,,,,,,,,,,,,,,,,,,,,,,,,,,,,Collie eye anomaly (CEA),Pannus - chronic superficial keratitis,Persistent pupillary membranes (PPM),,,,
Australian terrier,Progressive retinal atrophy,Retinal dysplasia,,,,,,,,,,,,,,,,,,,,,,,,,,,,,,,,,,,,,,,,,Progressive retinal atrophy,Retinal dysplasia,,,,,
Basenji,Cataracts,Corneal dystrophy,Fanconi syndrome,Hip dysplasia,Immunoproliferative (Basenji) enteropathy/lymphocytic-plasmacytic enteritis,Persistent pupillary membranes (PPM),Progressive retinal atrophy,Pyruvate kinase (PK) deficiency,,,,,,,,,,,,,,,,,,,,,,,,,,,,,,,,,,,Retinal dysplasia,,,,,,
Basset Griffon Vendeen,Hip dysplasia,,,,,,,,,,,,,,,,,,,,,,,,,,,,,,,,,,,,,,,,,,,,,,,,
Basset hound,Cervical vertebral instability (Wobbler syndrome),Ectropion,Elbow dysplasia - OCD of the elbow,Entropion,"Exposure keratopathy syndrome (exophthalmos, lagophthalmos, and/or macroblepharon)",Follicular dysplasias,Glaucoma,Intervertebral disk disease,Panosteitis,Patellar luxation,"Platelet dysfunction (thrombocytopathia, Basset hound thrombopathia)",Severe combined immunodeficiency (SCID),"Third eyelid (nictitating membrane) abnormalities - ""cherry eye""",seborrhea,,,,,,,,,,,,,,,,,,,,,,,,,,,,,,,,,,,
Beagle,Cataracts,Cerebellar abiotrophy(ataxia),Cervical vertebral instability (Wobbler syndrome),Corneal dystrophy,Deafness,Demodicosis/ Demodectic mange,Disorders of sexual development - sexual reversal,Glaucoma,Globoid cell leukodystrophy (galactocerebrosidosis),Idiopathic epilepsy,Intervertebral disk disease,Microphthalmia; ocular dysgenesis,Mitral valve dysplasia,Progressive retinal atrophy,Pulmonic stenosis,Retinal dysplasia,Selective IgA deficiency,"Third eyelid (nictitating membrane) abnormalities - ""cherry eye""",,,,,,,,,,,,,,,,,,,,,,,,,Cutaneous asthenia (Ehlers-Danlos syndrome),Shaker dog syndrome,,,,,
Bearded collie,Cataracts,Corneal dystrophy,Hip dysplasia,Pemphigus,,,,,,,,,,,,,,,,,,,,,,,,,,,,,,,,,,,,,,,Follicular dysplasias,Progressive retinal atrophy,,,,,
Bedlington terrier,Cataracts,Chronic hepatitis,Retinal dysplasia,,,,,,,,,,,,,,,,,,,,,,,,,,,,,,,,,,,,,,,,Glaucoma,Progressive retinal atrophy,,,,,
Belgian Malinois,Hip dysplasia,Progressive retinal atrophy,Retinal dysplasia,,,,,,,,,,,,,,,,,,,,,,,,,,,,,,,,,,,,,,,,,,,,,,
Belgian sheepdog,Cataracts,Pannus - chronic superficial keratitis,Progressive retinal atrophy,X-linked muscular dystrophy,,,,,,,,,,,,,,,,,,,,,,,,,,,,,,,,,,,,,,,Retinal dysplasia,,,,,,
Belgian Tervuren,Cataracts,Idiopathic epilepsy,Pannus - chronic superficial keratitis,vitiligo,,,,,,,,,,,,,,,,,,,,,,,,,,,,,,,,,,,,,,,Progressive retinal atrophy,,,,,,
Bernese mountain dog,Cerebellar abiotrophy(ataxia),Elbow dysplasia - OCD of the elbow,Entropion,Familial kidney disease,Hip dysplasia,Histiocytosis,"Hypo-/dysmyelinogenesis (""shaking pup"")",Idiopathic epilepsy,Meningitis,Progressive retinal atrophy,Subaortic stenosis,colour dilution alopecia,,,,,,,,,,,,,,,,,,,,,,,,,,,,,,,von Willebrand's disease,,,,,,
Bichon frise,Atopy,Cataracts,Corneal dystrophy,Hemophilia,Patent ductus arteriosus (PDA),Shaker dog syndrome,Urolithiasis (stones),congenital hypotrichosis,,,,,,,,,,,,,,,,,,,,,,,,,,,,,,,,,,,Idiopathic epilepsy,,,,,,
Black and tan coonhound,Entropion,Hip dysplasia,,,,,,,,,,,,,,,,,,,,,,,,,,,,,,,,,,,,,,,,,Hemophilia,Progressive retinal atrophy,,,,,
Black Russian terrier,Urolithiasis (stones),,,,,,,,,,,,,,,,,,,,,,,,,,,,,,,,,,,,,,,,,,,,,,,,
Bloodhound,Ectropion,Elbow dysplasia - OCD of the elbow,Entropion,"Exposure keratopathy syndrome (exophthalmos, lagophthalmos, and/or macroblepharon)",Fold dermatitis/pyoderma,Gastric dilatation-volvulus,Hip dysplasia,"Keratoconjunctivitis sicca (KCS) - ""dry eye""","Third eyelid (nictitating membrane) abnormalities - ""cherry eye""",,,,,,,,,,,,,,,,,,,,,,,,,,,,,,,,,,,,,,,,
Bluetick coonhound,Globoid cell leukodystrophy (galactocerebrosidosis),Hip dysplasia,,,,,,,,,,,,,,,,,,,,,,,,,,,,,,,,,,,,,,,,,Cataracts,,,,,,
Border collie,Cataracts,Cerebellar abiotrophy(ataxia),Collie eye anomaly (CEA),Deafness,Hip dysplasia,Lens luxation,Microphthalmia; ocular dysgenesis,Pannus - chronic superficial keratitis,Progressive retinal atrophy,,,,,,,,,,,,,,,,,,,,,,,,,,,,,,,,,,Idiopathic epilepsy,,,,,,
Border terrier,Cataracts,Retinal dysplasia,,,,,,,,,,,,,,,,,,,,,,,,,,,,,,,,,,,,,,,,,Fanconi syndrome,Progressive retinal atrophy,,,,,
Borzoi,Cervical vertebral instability (Wobbler syndrome),Gastric dilatation-volvulus,Microphthalmia; ocular dysgenesis,Progressive retinal atrophy,Tricuspid valve dysplasia,,,,,,,,,,,,,,,,,,,,,,,,,,,,,,,,,,,,,,Cataracts,Hypothyroidism,,,,,
Boston terrier,Atopy,Cataracts,Cleft lip/palate,Corneal dystrophy,Deafness,Demodicosis/ Demodectic mange,Fold dermatitis/pyoderma,Glaucoma,Hemivertebra,Hydrocephalus,"Keratoconjunctivitis sicca (KCS) - ""dry eye""",Mitral valve dysplasia,Patellar luxation,Pyloric stenosis,"Third eyelid (nictitating membrane) abnormalities - ""cherry eye""",brachycephalic syndrome,hypoplastic trachea,pattern baldness,,,,,,,,,,,,,,,,,,,,,,,,,"Craniomandibular osteopathy (""lion jaw"")",Hyperadrenocorticism (Cushing's syndrome),Progressive retinal atrophy,Spina bifida,,,
Bouvier des Flandres,Cataracts,Glaucoma,Hip dysplasia,Laryngeal paralysis,Megaesophagus,,,,,,,,,,,,,,,,,,,,,,,,,,,,,,,,,,,,,,Gastric dilatation-volvulus,,,,,,
Boxer,Arrhythmogenic right ventricular cardiomyopathy (ARVC) (Boxer cardiomyopathy),Atopy,Atrial septal defect (ASD),Cervical vertebral instability (Wobbler syndrome),Coagulation (bleeding) disorders,Corneal dystrophy,"Cryptorchidism, retained testicle",Cutaneous asthenia (Ehlers-Danlos syndrome),Degenerative myelopathy,Demodicosis/ Demodectic mange,Dilated cardiomyopathy,Ectropion,Gastric dilatation-volvulus,Hip dysplasia,Histiocytic ulcerative colitis,Histiocytoma,Hypothyroidism,Progressive retinal atrophy,Pyloric stenosis,Sick sinus syndrome,Subaortic stenosis,"Third eyelid (nictitating membrane) abnormalities - ""cherry eye""",dermoid sinus,,,,,,,,,,,,,,,,,,,,Cataracts,Hyperadrenocorticism (Cushing's syndrome),Idiopathic epilepsy,"Platelet dysfunction (thrombocytopathia, Basset hound thrombopathia)",,,
Briard,Corneal dystrophy,Gastric dilatation-volvulus,Hip dysplasia,Progressive retinal atrophy,,,,,,,,,,,,,,,,,,,,,,,,,,,,,,,,,,,,,,,Hyperlipoproteinemia,,,,,,
Brittany,Cerebellar abiotrophy(ataxia),Cleft lip/palate,Complement deficiency,Glaucoma,Hip dysplasia,Idiopathic epilepsy,Lens luxation,Progressive retinal atrophy,Spinal muscular atrophy/motor neuron diseases,,,,,,,,,,,,,,,,,,,,,,,,,,,,,,,,,,Retinal dysplasia,Ventricular septal defect (VSD),,,,,
Brussels Griffon,Cataracts,Chiari-like malformation (CM) and syringomyelia (SM),Progressive retinal atrophy,,,,,,,,,,,,,,,,,,,,,,,,,,,,,,,,,,,,,,,,Corneal dystrophy,Hip dysplasia,,,,,
Bull mastiff,Cerebellar abiotrophy(ataxia),Cervical vertebral instability (Wobbler syndrome),Elbow dysplasia - OCD of the elbow,Entropion,Hip dysplasia,Retinal dysplasia,,,,,,,,,,,,,,,,,,,,,,,,,,,,,,,,,,,,,Neuroaxonal dystrophy,,,,,,
Bull Terrier - Miniature,Lens luxation,Persistent pupillary membranes (PPM),,,,,,,,,,,,,,,,,,,,,,,,,,,,,,,,,,,,,,,,,,,,,,,
Bull terrier,Deafness,Demodicosis/ Demodectic mange,Ectropion,Entropion,Familial kidney disease,"Keratoconjunctivitis sicca (KCS) - ""dry eye""",Laryngeal paralysis,Mitral valve dysplasia,lethal acrodermatitis,,,,,,,,,,,,,,,,,,,,,,,,,,,,,,,,,,Histiocytoma,Progressive retinal atrophy,,,,,
Cairn terrier,Atopy,Cataracts,"Craniomandibular osteopathy (""lion jaw"")","Cryptorchidism, retained testicle",Glaucoma,Globoid cell leukodystrophy (galactocerebrosidosis),Hemophilia,Hydrocephalus,Legg-CalvÃ©-Perthes disease,Mitral valve dysplasia,Portosystemic shunt,Progressive retinal atrophy,Pyruvate kinase (PK) deficiency,,,,,,,,,,,,,,,,,,,,,,,,,,,,,,Patellar luxation,,,,,,
Canaan dog,Hip dysplasia,Idiopathic epilepsy,Progressive retinal atrophy,,,,,,,,,,,,,,,,,,,,,,,,,,,,,,,,,,,,,,,,Hip dysplasia,Idiopathic epilepsy,Progressive retinal atrophy,,,,
Cardigan Welsh Corgi,Intervertebral disk disease,Lens luxation,Persistent pupillary membranes (PPM),Progressive retinal atrophy,Retinal dysplasia,,,,,,,,,,,,,,,,,,,,,,,,,,,,,,,,,,,,,,Severe combined immunodeficiency (SCID),,,,,,
Cavalier King Charles spaniel,Cataracts,Chiari-like malformation (CM) and syringomyelia (SM),Corneal dystrophy,"Exposure keratopathy syndrome (exophthalmos, lagophthalmos, and/or macroblepharon)",Hip dysplasia,Microphthalmia; ocular dysgenesis,Mitral valve dysplasia,Progressive retinal atrophy,Retinal dysplasia,brachycephalic syndrome,,,,,,,,,,,,,,,,,,,,,,,,,,,,,,,,,Diabetes mellitus,Idiopathic epilepsy,Urolithiasis (stones),ichthyosis,,,
Chesapeake Bay retriever,Cataracts,Entropion,Hip dysplasia,Progressive retinal atrophy,von Willebrand's disease,,,,,,,,,,,,,,,,,,,,,,,,,,,,,,,,,,,,,,Degenerative myelopathy,Retinal dysplasia,,,,,
Chihuahua,Chiari-like malformation (CM) and syringomyelia (SM),Corneal dystrophy,"Cryptorchidism, retained testicle",Demodicosis/ Demodectic mange,Glaucoma,Hydrocephalus,"Keratoconjunctivitis sicca (KCS) - ""dry eye""",Mitral valve dysplasia,Patellar luxation,Patent ductus arteriosus (PDA),Progressive retinal atrophy,Pulmonic stenosis,colour dilution alopecia,pattern baldness,,,,,,,,,,,,,,,,,,,,,,,,,,,,,Hemophilia,Neuroaxonal dystrophy,Spina bifida,,,,
Chow chow,Cataracts,Cerebellar abiotrophy(ataxia),Cerebellar hypoplasia,Cervical vertebral instability (Wobbler syndrome),Corneal dystrophy,Diabetes mellitus,Ectropion,Elbow dysplasia - OCD of the elbow,Entropion,Glaucoma,Growth hormone-responsive dermatosis; adrenal sex hormone responsive dermatosis,Hip dysplasia,"Hypo-/dysmyelinogenesis (""shaking pup"")",Hypothyroidism,Myotonia,Persistent pupillary membranes (PPM),colour dilution alopecia,sebaceous adenitis,,,,,,,,,,,,,,,,,,,,,,,,,Dermatomyositis and ulcerative dermatosis,Pemphigus,Progressive retinal atrophy,,,,
Clumber spaniel,Cataracts,Ectropion,Entropion,"Exposure keratopathy syndrome (exophthalmos, lagophthalmos, and/or macroblepharon)",Hip dysplasia,Retinal dysplasia,,,,,,,,,,,,,,,,,,,,,,,,,,,,,,,,,,,,,,,,,,,
"Cocker spaniel, American",Atopy,Cataracts,Chronic hepatitis,Cleft lip/palate,Coagulation (bleeding) disorders,Corneal dystrophy,Disorders of sexual development - sexual reversal,Ectropion,Entropion,"Exposure keratopathy syndrome (exophthalmos, lagophthalmos, and/or macroblepharon)",Fold dermatitis/pyoderma,Glaucoma,Hip dysplasia,Hypothyroidism,Idiopathic epilepsy,Immune-mediated hemolytic anemia (IMHA),Immune-mediated thrombocytopenia,"Keratoconjunctivitis sicca (KCS) - ""dry eye""",Patent ductus arteriosus (PDA),Persistent pupillary membranes (PPM),Phosphofructokinase (PFK) deficiency,"Platelet dysfunction (thrombocytopathia, Basset hound thrombopathia)",Progressive retinal atrophy,Pulmonic stenosis,Retinal dysplasia,Sick sinus syndrome,"Third eyelid (nictitating membrane) abnormalities - ""cherry eye""",sebaceous adenitis,seborrhea,vitamin A-responsive dermatosis,,,,,,,,,,,,,Dilated cardiomyopathy,Intervertebral disk disease,Patellar luxation,Portosystemic shunt,,,
"Cocker spaniel, English",Cataracts,Chronic hepatitis,Dilated cardiomyopathy,Ectropion,Entropion,Familial kidney disease,Glaucoma,Hip dysplasia,"Keratoconjunctivitis sicca (KCS) - ""dry eye""",Persistent pupillary membranes (PPM),Progressive retinal atrophy,,,,,,,,,,,,,,,,,,,,,,,,,,,,,,,,,,,,,,
Collie (rough and smooth),Bullous pemphigoid,Canine cyclic hematopoiesis,Cataracts,Cerebellar abiotrophy(ataxia),Collie eye anomaly (CEA),Corneal dystrophy,Deafness,Demodicosis/ Demodectic mange,Dermatomyositis and ulcerative dermatosis,Idiopathic epilepsy,Immune-mediated hemolytic anemia (IMHA),"Lupus erythematosus (systemic, cutaneous/discoid)",Microphthalmia; ocular dysgenesis,Patent ductus arteriosus (PDA),Pemphigus,Persistent pupillary membranes (PPM),Progressive retinal atrophy,Retinal dysplasia,,,,,,,,,,,,,,,,,,,,,,,,,Degenerative myelopathy,Entropion,Hemophilia,Neuroaxonal dystrophy,"Platelet dysfunction (thrombocytopathia, Basset hound thrombopathia)",sebaceous adenitis,
Coton de tulear,Cerebellar abiotrophy(ataxia),,,,,,,,,,,,,,,,,,,,,,,,,,,,,,,,,,,,,,,,,,,,,,,,
Curly coated retriever,Cataracts,Hip dysplasia,Progressive retinal atrophy,,,,,,,,,,,,,,,,,,,,,,,,,,,,,,,,,,,,,,,,Ectropion,,,,,,
Dachshund,Cataracts,Cleft lip/palate,Corneal dystrophy,"Cryptorchidism, retained testicle",Cutaneous asthenia (Ehlers-Danlos syndrome),Deafness,Demodicosis/ Demodectic mange,Dermoids,Follicular dysplasias,Histiocytoma,Hyperadrenocorticism (Cushing's syndrome),Intervertebral disk disease,Microphthalmia; ocular dysgenesis,Mitral valve dysplasia,Optic nerve hypoplasia and micropapilla,Pannus - chronic superficial keratitis,Progressive retinal atrophy,Pyruvate kinase (PK) deficiency,Sick sinus syndrome,Urolithiasis (stones),acanthosis nigricans,colour dilution alopecia,pattern baldness,seborrhea,von Willebrand's disease,,,,,,,,,,,,,,,,,,Elbow dysplasia - OCD of the elbow,Glaucoma,Idiopathic epilepsy,"Keratoconjunctivitis sicca (KCS) - ""dry eye""",Portosystemic shunt,sebaceous adenitis,
Dalmatian,Atopy,Cataracts,Dalmatian bronzing syndrome,Deafness,Demodicosis/ Demodectic mange,Dermoids,Entropion,Glaucoma,Globoid cell leukodystrophy (galactocerebrosidosis),Laryngeal paralysis,Microphthalmia; ocular dysgenesis,Peripheral neuropathies,Urolithiasis (stones),,,,,,,,,,,,,,,,,,,,,,,,,,,,,,Ectropion,Pannus - chronic superficial keratitis,Progressive retinal atrophy,Spina bifida,sebaceous adenitis,,
Dandie Dinmont Terrier,Glaucoma,Hyperadrenocorticism (Cushing's syndrome),,,,,,,,,,,,,,,,,,,,,,,,,,,,,,,,,,,,,,,,,Intervertebral disk disease,Patellar luxation,Portosystemic shunt,Urolithiasis (stones),,,
Doberman pinscher,Atrial septal defect (ASD),Cataracts,Cervical vertebral instability (Wobbler syndrome),Chronic hepatitis,Deafness,Demodicosis/ Demodectic mange,Diabetes mellitus,Dilated cardiomyopathy,Familial kidney disease,Follicular dysplasias,Hypothyroidism,Immune-mediated hemolytic anemia (IMHA),Intervertebral disk disease,Microphthalmia; ocular dysgenesis,Panosteitis,Pemphigus,Peripheral neuropathies,acral lick dermatitis (lick granuloma),colour dilution alopecia,ichthyosis,seborrhea,vitiligo,von Willebrand's disease,zinc-responsive dermatosis,,,,,,,,,,,,,,,,,,,Hemivertebra,Progressive retinal atrophy,Retinal dysplasia,sebaceous adenitis,,,
English (British) bulldog,Cleft lip/palate,"Cryptorchidism, retained testicle",Deafness,Demodicosis/ Demodectic mange,Entropion,Fold dermatitis/pyoderma,Hemivertebra,Hip dysplasia,Histiocytoma,Hydrocephalus,Hypothyroidism,"Keratoconjunctivitis sicca (KCS) - ""dry eye""",Pulmonic stenosis,Spina bifida,Subaortic stenosis,Tetralogy of Fallot,"Third eyelid (nictitating membrane) abnormalities - ""cherry eye""",Urolithiasis (stones),Ventricular septal defect (VSD),brachycephalic syndrome,hypoplastic trachea,,,,,,,,,,,,,,,,,,,,,,Laryngeal paralysis,Lymphedema,Retinal dysplasia,,,,
English foxhound,Leukodystrophies,,,,,,,,,,,,,,,,,,,,,,,,,,,,,,,,,,,,,,,,,,,,,,,,
English setter,Atopy,Deafness,Ectropion,Hemophilia,Hip dysplasia,,,,,,,,,,,,,,,,,,,,,,,,,,,,,,,,,,,,,,Cutaneous asthenia (Ehlers-Danlos syndrome),"Keratoconjunctivitis sicca (KCS) - ""dry eye""",Progressive retinal atrophy,,,,
English springer spaniel,Cataracts,Coagulation (bleeding) disorders,Corneal dystrophy,Cutaneous asthenia (Ehlers-Danlos syndrome),Diabetes mellitus,Ectropion,Entropion,Fold dermatitis/pyoderma,Hip dysplasia,"Hypo-/dysmyelinogenesis (""shaking pup"")",Immune-mediated hemolytic anemia (IMHA),Lysosomal storage diseases,Myasthenia gravis,Patent ductus arteriosus (PDA),Phosphofructokinase (PFK) deficiency,Progressive retinal atrophy,Retinal dysplasia,psoriasiform-lichenoid dermatosis,seborrhea,,,,,,,,,,,,,,,,,,,,,,,,Glaucoma,Idiopathic epilepsy,Ventricular septal defect (VSD),,,,
English toy spaniel,Cataracts,Entropion,Retinal dysplasia,,,,,,,,,,,,,,,,,,,,,,,,,,,,,,,,,,,,,,,,Cleft lip/palate,Corneal dystrophy,,,,,
Field spaniel,Hip dysplasia,Retinal dysplasia,,,,,,,,,,,,,,,,,,,,,,,,,,,,,,,,,,,,,,,,,Cataracts,Progressive retinal atrophy,,,,,
Finnish spitz,Diabetes mellitus,Hip dysplasia,,,,,,,,,,,,,,,,,,,,,,,,,,,,,,,,,,,,,,,,,"Platelet dysfunction (thrombocytopathia, Basset hound thrombopathia)",Shaker dog syndrome,,,,,
Flat-coated retriever,Cataracts,Entropion,Hip dysplasia,Histiocytosis,,,,,,,,,,,,,,,,,,,,,,,,,,,,,,,,,,,,,,,Elbow dysplasia - OCD of the elbow,Progressive retinal atrophy,,,,,
"Fox terrier, smooth",Cataracts,Cervical vertebral instability (Wobbler syndrome),Glaucoma,Lens luxation,Myasthenia gravis,,,,,,,,,,,,,,,,,,,,,,,,,,,,,,,,,,,,,,Deafness,Progressive retinal atrophy,Pulmonic stenosis,,,,
"Fox terrier, wire hair",Atopy,Cataracts,Cervical vertebral instability (Wobbler syndrome),Glaucoma,Idiopathic epilepsy,Lens luxation,Lissencephaly,Megaesophagus,Pulmonic stenosis,,,,,,,,,,,,,,,,,,,,,,,,,,,,,,,,,,Legg-CalvÃ©-Perthes disease,Tetralogy of Fallot,,,,,
French bulldog,Cleft lip/palate,Entropion,Hemivertebra,Histiocytic ulcerative colitis,Intervertebral disk disease,brachycephalic syndrome,,,,,,,,,,,,,,,,,,,,,,,,,,,,,,,,,,,,,Cataracts,Hemophilia,,,,,
German shepherd,Cataracts,Cervical vertebral instability (Wobbler syndrome),Cleft lip/palate,Corneal dystrophy,Cutaneous asthenia (Ehlers-Danlos syndrome),Degenerative myelopathy,Demodicosis/ Demodectic mange,Dermatomyositis and ulcerative dermatosis,Dermoids,Elbow dysplasia - OCD of the elbow,Exocrine pancreatic insufficiency,German shepherd pyoderma,Hemivertebra,Hemophilia,Hip dysplasia,Hyperadrenocorticism (Cushing's syndrome),Idiopathic epilepsy,"Lupus erythematosus (systemic, cutaneous/discoid)",Masticatory muscle myositis - eosinophilic myositis,Megaesophagus,Mitral valve dysplasia,Myasthenia gravis,Optic nerve hypoplasia and micropapilla,Pannus - chronic superficial keratitis,Panosteitis,Patent ductus arteriosus (PDA),Pemphigus,Perianal fistula,Persistent right aortic arch ( vascular ring anomaly ),"Platelet dysfunction (thrombocytopathia, Basset hound thrombopathia)",Progressive retinal atrophy,Renal cystadenocarcinoma and nodular dermatofibrosis,Retinal dysplasia,Selective IgA deficiency,Small intestinal bacterial overgrowth (SIBO),Subaortic stenosis,Tricuspid valve dysplasia,Vertebral stenosis (associated with cauda equina syndrome),acral lick dermatitis (lick granuloma),footpad disorder in the German shepherd,seborrhea,von Willebrand's disease,Gastric dilatation-volvulus,Pulmonic stenosis,sebaceous adenitis,vitiligo,,,
German shorthaired pointer,Cataracts,Disorders of sexual development - sexual reversal,Entropion,Hemivertebra,Hip dysplasia,Progressive retinal atrophy,Subaortic stenosis,"Third eyelid (nictitating membrane) abnormalities - ""cherry eye""",acral mutilation syndrome,lupoid dermatosis,von Willebrand's disease,,,,,,,,,,,,,,,,,,,,,,,,,,,,,,,,X-linked muscular dystrophy,,,,,,
German wirehaired pointer,Entropion,Hip dysplasia,,,,,,,,,,,,,,,,,,,,,,,,,,,,,,,,,,,,,,,,,Cataracts,von Willebrand's disease,,,,,
Golden retriever,Atopy,Cataracts,Corneal dystrophy,Diabetes mellitus,Elbow dysplasia - OCD of the elbow,Entropion,Hip dysplasia,Histiocytosis,"Hypo-/dysmyelinogenesis (""shaking pup"")",Hypothyroidism,Idiopathic epilepsy,Portosystemic shunt,Progressive retinal atrophy,Retinal dysplasia,Subaortic stenosis,X-linked muscular dystrophy,von Willebrand's disease,,,,,,,,,,,,,,,,,,,,,,,,,,Cervical vertebral instability (Wobbler syndrome),Familial kidney disease,ichthyosis,sebaceous adenitis,,,
Gordon setter,Cataracts,Cerebellar abiotrophy(ataxia),Ectropion,Entropion,Follicular dysplasias,Gastric dilatation-volvulus,Hip dysplasia,Progressive retinal atrophy,Retinal dysplasia,,,,,,,,,,,,,,,,,,,,,,,,,,,,,,,,,,"Keratoconjunctivitis sicca (KCS) - ""dry eye""",,,,,,
Great Dane,Cataracts,Cervical vertebral instability (Wobbler syndrome),Deafness,Demodicosis/ Demodectic mange,Dilated cardiomyopathy,Ectropion,Entropion,Gastric dilatation-volvulus,Glaucoma,Hip dysplasia,Hypothyroidism,Megaesophagus,Microphthalmia; ocular dysgenesis,Mitral valve dysplasia,Persistent right aortic arch ( vascular ring anomaly ),Progressive retinal atrophy,Subaortic stenosis,Tricuspid valve dysplasia,zinc-responsive dermatosis,,,,,,,,,,,,,,,,,,,,,,,,Elbow dysplasia - OCD of the elbow,Retinal dysplasia,acral lick dermatitis (lick granuloma),,,,
Great Pyrenees,Cervical vertebral instability (Wobbler syndrome),Coagulation (bleeding) disorders,Deafness,Ectropion,Elbow dysplasia - OCD of the elbow,Entropion,Hip dysplasia,Osteochondrodysplasia - skeletal dwarfism,"Platelet dysfunction (thrombocytopathia, Basset hound thrombopathia)",Tricuspid valve dysplasia,,,,,,,,,,,,,,,,,,,,,,,,,,,,,,,,,Optic nerve hypoplasia and micropapilla,,,,,,
Greater Swiss mountain dog,Elbow dysplasia - OCD of the elbow,Hip dysplasia,,,,,,,,,,,,,,,,,,,,,,,,,,,,,,,,,,,,,,,,,,,,,,,
Greyhound,Cutaneous asthenia (Ehlers-Danlos syndrome),Deafness,Hemophilia,Megaesophagus,Pannus - chronic superficial keratitis,Progressive retinal atrophy,pattern baldness,,,,,,,,,,,,,,,,,,,,,,,,,,,,,,,,,,,,Histiocytoma,,,,,,
Harrier,Cerebellar abiotrophy(ataxia),Idiopathic epilepsy,,,,,,,,,,,,,,,,,,,,,,,,,,,,,,,,,,,,,,,,,Cerebellar abiotrophy(ataxia),Idiopathic epilepsy,,,,,
Havanese,Cataracts,,,,,,,,,,,,,,,,,,,,,,,,,,,,,,,,,,,,,,,,,,Progressive retinal atrophy,Retinal dysplasia,,,,,
Ibizan hound,Deafness,Degenerative myelopathy,,,,,,,,,,,,,,,,,,,,,,,,,,,,,,,,,,,,,,,,,Cataracts,,,,,,
Irish setter,Atopy,Cataracts,Cerebellar abiotrophy(ataxia),Cerebellar hypoplasia,Cervical vertebral instability (Wobbler syndrome),Entropion,Gastric dilatation-volvulus,Globoid cell leukodystrophy (galactocerebrosidosis),Gluten-sensitive enteropathy,Hemophilia,Hip dysplasia,Hypothyroidism,Idiopathic epilepsy,Immune-mediated hemolytic anemia (IMHA),Lissencephaly,Megaesophagus,Patent ductus arteriosus (PDA),Perianal fistula,Persistent pupillary membranes (PPM),Progressive retinal atrophy,"Third eyelid (nictitating membrane) abnormalities - ""cherry eye""",Tricuspid valve dysplasia,acral lick dermatitis (lick granuloma),colour dilution alopecia,seborrhea,,,,,,,,,,,,,,,,,,Cutaneous asthenia (Ehlers-Danlos syndrome),Ectropion,Optic nerve hypoplasia and micropapilla,sebaceous adenitis,,,
Irish terrier,Urolithiasis (stones),X-linked muscular dystrophy,,,,,,,,,,,,,,,,,,,,,,,,,,,,,,,,,,,,,,,,,Progressive retinal atrophy,,,,,,
Irish water spaniel,Cataracts,Follicular dysplasias,Hip dysplasia,,,,,,,,,,,,,,,,,,,,,,,,,,,,,,,,,,,,,,,,Progressive retinal atrophy,,,,,,
Irish wolfhound,Cataracts,Cervical vertebral instability (Wobbler syndrome),Corneal dystrophy,Dilated cardiomyopathy,Elbow dysplasia - OCD of the elbow,Entropion,Gastric dilatation-volvulus,Hip dysplasia,Portosystemic shunt,,,,,,,,,,,,,,,,,,,,,,,,,,,,,,,,,,Hypothyroidism,Retinal dysplasia,,,,,
Italian greyhound,,,,,,,,,,,,,,,,,,,,,,,,,,,,,,,,,,,,,,,,,,,,,,,,,
Japanese Chin,Cataracts,Entropion,,,,,,,,,,,,,,,,,,,,,,,,,,,,,,,,,,,,,,,,,Corneal dystrophy,Mitral valve dysplasia,Progressive retinal atrophy,,,,
Karelien bear dog,Hip dysplasia,Pituitary dwarfism,,,,,,,,,,,,,,,,,,,,,,,,,,,,,,,,,,,,,,,,,,,,,,,
Keeshond,Diabetes mellitus,Growth hormone-responsive dermatosis; adrenal sex hormone responsive dermatosis,Hip dysplasia,Idiopathic epilepsy,Patent ductus arteriosus (PDA),Progressive retinal atrophy,Tetralogy of Fallot,Ventricular septal defect (VSD),,,,,,,,,,,,,,,,,,,,,,,,,,,,,,,,,,,Cataracts,Cutaneous asthenia (Ehlers-Danlos syndrome),Glaucoma,,,,
Kerry blue terrier,Cerebellar abiotrophy(ataxia),Coagulation (bleeding) disorders,Hip dysplasia,"Keratoconjunctivitis sicca (KCS) - ""dry eye""",Patent ductus arteriosus (PDA),von Willebrand's disease,,,,,,,,,,,,,,,,,,,,,,,,,,,,,,,,,,,,,Cataracts,Progressive retinal atrophy,dermoid sinus,,,,
Komondor,Elbow dysplasia - OCD of the elbow,Gastric dilatation-volvulus,Hip dysplasia,,,,,,,,,,,,,,,,,,,,,,,,,,,,,,,,,,,,,,,,Elbow dysplasia - OCD of the elbow,Gastric dilatation-volvulus,,,,,
Kuvasz,Dermatomyositis and ulcerative dermatosis,Hip dysplasia,,,,,,,,,,,,,,,,,,,,,,,,,,,,,,,,,,,,,,,,,Cataracts,Deafness,,,,,
Labrador retriever,Atopy,Cataracts,Cerebellar abiotrophy(ataxia),Cervical vertebral instability (Wobbler syndrome),Cleft lip/palate,Corneal dystrophy,Diabetes mellitus,Ectropion,Elbow dysplasia - OCD of the elbow,Entropion,Hemophilia,Hereditary myopathy - Labrador retriever/Bouviers des Flandres myopathy,Hip dysplasia,Idiopathic epilepsy,Leukodystrophies,Lymphedema,Osteochondrodysplasia - skeletal dwarfism,Panosteitis,Persistent pupillary membranes (PPM),Portosystemic shunt,Progressive retinal atrophy,Retinal dysplasia,Tricuspid valve dysplasia,acral lick dermatitis (lick granuloma),seborrhea,vitamin A-responsive dermatosis,,,,,,,,,,,,,,,,,Fanconi syndrome,Gastric dilatation-volvulus,Microphthalmia; ocular dysgenesis,Neuroaxonal dystrophy,sebaceous adenitis,,
Lakeland terrier,Legg-CalvÃ©-Perthes disease,,,,,,,,,,,,,,,,,,,,,,,,,,,,,,,,,,,,,,,,,,Cataracts,"Cryptorchidism, retained testicle",Microphthalmia; ocular dysgenesis,,,,
Large Munsterlander,Urolithiasis (stones),,,,,,,,,,,,,,,,,,,,,,,,,,,,,,,,,,,,,,,,,,,,,,,,
Lhasa apso,Atopy,Cataracts,"Exposure keratopathy syndrome (exophthalmos, lagophthalmos, and/or macroblepharon)",Familial kidney disease,Hydrocephalus,Intervertebral disk disease,"Keratoconjunctivitis sicca (KCS) - ""dry eye""",Lissencephaly,Patellar luxation,Progressive retinal atrophy,"Third eyelid (nictitating membrane) abnormalities - ""cherry eye""",Urolithiasis (stones),brachycephalic syndrome,,,,,,,,,,,,,,,,,,,,,,,,,,,,,,Corneal dystrophy,Demodicosis/ Demodectic mange,Entropion,sebaceous adenitis,,,
Lowchen,Cataracts,Legg-CalvÃ©-Perthes disease,Patellar luxation,Progressive retinal atrophy,,,,,,,,,,,,,,,,,,,,,,,,,,,,,,,,,,,,,,,Cataracts,Legg-CalvÃ©-Perthes disease,Patellar luxation,Progressive retinal atrophy,,,
Maltese terrier,"Cryptorchidism, retained testicle",Hydrocephalus,Patent ductus arteriosus (PDA),Portosystemic shunt,Shaker dog syndrome,,,,,,,,,,,,,,,,,,,,,,,,,,,,,,,,,,,,,,Deafness,Glaucoma,Mitral valve dysplasia,Progressive retinal atrophy,Retinal dysplasia,sebaceous adenitis,
Manchester terrier,Hydrocephalus,Legg-CalvÃ©-Perthes disease,Lens luxation,pattern baldness,von Willebrand's disease,,,,,,,,,,,,,,,,,,,,,,,,,,,,,,,,,,,,,,Cataracts,Cutaneous asthenia (Ehlers-Danlos syndrome),Progressive retinal atrophy,,,,
Mastiff,Cataracts,Ectropion,Elbow dysplasia - OCD of the elbow,Entropion,"Exposure keratopathy syndrome (exophthalmos, lagophthalmos, and/or macroblepharon)",Hip dysplasia,Persistent pupillary membranes (PPM),Progressive retinal atrophy,Pulmonic stenosis,Retinal dysplasia,,,,,,,,,,,,,,,,,,,,,,,,,,,,,,,,,Hypothyroidism,Urolithiasis (stones),,,,,
Miniature bull terrier,Lens luxation,Persistent pupillary membranes (PPM),,,,,,,,,,,,,,,,,,,,,,,,,,,,,,,,,,,,,,,,,,,,,,,
Miniature pinscher,Corneal dystrophy,Disorders of sexual development - sexual reversal,Legg-CalvÃ©-Perthes disease,Mitral valve dysplasia,colour dilution alopecia,,,,,,,,,,,,,,,,,,,,,,,,,,,,,,,,,,,,,,Cataracts,Progressive retinal atrophy,sebaceous adenitis,,,,
Neapolitan mastiff,Ectropion,Entropion,Fold dermatitis/pyoderma,Hip dysplasia,"Third eyelid (nictitating membrane) abnormalities - ""cherry eye""",,,,,,,,,,,,,,,,,,,,,,,,,,,,,,,,,,,,,,Cataracts,Elbow dysplasia - OCD of the elbow,Progressive retinal atrophy,,,,
Newfoundland,Cataracts,Dilated cardiomyopathy,Ectropion,Elbow dysplasia - OCD of the elbow,Entropion,"Exposure keratopathy syndrome (exophthalmos, lagophthalmos, and/or macroblepharon)",Hip dysplasia,Pemphigus,Subaortic stenosis,"Third eyelid (nictitating membrane) abnormalities - ""cherry eye""",Tricuspid valve dysplasia,Urolithiasis (stones),,,,,,,,,,,,,,,,,,,,,,,,,,,,,,,Hypothyroidism,Retinal dysplasia,Ventricular septal defect (VSD),,,,
Norfolk terrier,Cataracts,,,,,,,,,,,,,,,,,,,,,,,,,,,,,,,,,,,,,,,,,,Glaucoma,Optic nerve hypoplasia and micropapilla,,,,,
Norwegian elkhound,Cataracts,Familial kidney disease,Glaucoma,Hip dysplasia,Osteochondrodysplasia - skeletal dwarfism,Progressive retinal atrophy,Retinal dysplasia,,,,,,,,,,,,,,,,,,,,,,,,,,,,,,,,,,,,Disorders of sexual development - sexual reversal,Entropion,Fanconi syndrome,,,,
Norwich terrier,Cataracts,,,,,,,,,,,,,,,,,,,,,,,,,,,,,,,,,,,,,,,,,,Atopy,Corneal dystrophy,Scotty cramp,,,,
Nova Scotia duck tolling retriever,Cataracts,Corneal dystrophy,Hip dysplasia,Hypoadrenocorticism (Addison's disease),Persistent pupillary membranes (PPM),Progressive retinal atrophy,,,,,,,,,,,,,,,,,,,,,,,,,,,,,,,,,,,,,,,,,,,
Old English sheepdog,Atrial septal defect (ASD),Cataracts,Cerebellar abiotrophy(ataxia),Cervical vertebral instability (Wobbler syndrome),"Cryptorchidism, retained testicle",Deafness,Demodicosis/ Demodectic mange,Diabetes mellitus,Entropion,Hip dysplasia,Immune-mediated hemolytic anemia (IMHA),Immune-mediated thrombocytopenia,Microphthalmia; ocular dysgenesis,Progressive retinal atrophy,Retinal dysplasia,Tricuspid valve dysplasia,,,,,,,,,,,,,,,,,,,,,,,,,,,Dilated cardiomyopathy,Hemophilia,sebaceous adenitis,,,,
Otterhound,Hip dysplasia,"Platelet dysfunction (thrombocytopathia, Basset hound thrombopathia)",,,,,,,,,,,,,,,,,,,,,,,,,,,,,,,,,,,,,,,,,Gastric dilatation-volvulus,,,,,,
Papillon,Cataracts,Follicular dysplasias,Mitral valve dysplasia,Progressive retinal atrophy,von Willebrand's disease,,,,,,,,,,,,,,,,,,,,,,,,,,,,,,,,,,,,,,Deafness,Patellar luxation,von Willebrand's disease,,,,
Parson (Jack) Russell terrier,Cataracts,Cerebellar abiotrophy(ataxia),Lens luxation,Leukodystrophies,Myasthenia gravis,Urolithiasis (stones),ichthyosis,,,,,,,,,,,,,,,,,,,,,,,,,,,,,,,,,,,,Coagulation (bleeding) disorders,Deafness,Follicular dysplasias,,,,
Pekingese,Cataracts,Cleft lip/palate,"Cryptorchidism, retained testicle",Entropion,"Exposure keratopathy syndrome (exophthalmos, lagophthalmos, and/or macroblepharon)",Fold dermatitis/pyoderma,Hydrocephalus,"Keratoconjunctivitis sicca (KCS) - ""dry eye""",Mitral valve dysplasia,Patellar luxation,Progressive retinal atrophy,brachycephalic syndrome,,,,,,,,,,,,,,,,,,,,,,,,,,,,,,,Intervertebral disk disease,,,,,,
Pembroke Welsh corgi,Cataracts,Corneal dystrophy,Cutaneous asthenia (Ehlers-Danlos syndrome),Degenerative myelopathy,Familial kidney disease,Intervertebral disk disease,Persistent pupillary membranes (PPM),Retinal dysplasia,von Willebrand's disease,,,,,,,,,,,,,,,,,,,,,,,,,,,,,,,,,,Dermatomyositis and ulcerative dermatosis,Idiopathic epilepsy,Progressive retinal atrophy,,,,
Pharaoh hound,Demodicosis/ Demodectic mange,Elbow dysplasia - OCD of the elbow,Idiopathic epilepsy,,,,,,,,,,,,,,,,,,,,,,,,,,,,,,,,,,,,,,,,Demodicosis/ Demodectic mange,Elbow dysplasia - OCD of the elbow,Idiopathic epilepsy,,,,
Plott hound,,,,,,,,,,,,,,,,,,,,,,,,,,,,,,,,,,,,,,,,,,,,,,,,,
Pointer (English pointer),Cleft lip/palate,Demodicosis/ Demodectic mange,Hip dysplasia,Progressive retinal atrophy,Spinal muscular atrophy/motor neuron diseases,X-linked muscular dystrophy,acral mutilation syndrome,,,,,,,,,,,,,,,,,,,,,,,,,,,,,,,,,,,,Cataracts,Corneal dystrophy,Deafness,Entropion,Follicular dysplasias,Pannus - chronic superficial keratitis,Subaortic stenosis
Pomeranian,"Cryptorchidism, retained testicle",Entropion,Growth hormone-responsive dermatosis; adrenal sex hormone responsive dermatosis,Hydrocephalus,Patellar luxation,Patent ductus arteriosus (PDA),Sick sinus syndrome,tracheal collapse,,,,,,,,,,,,,,,,,,,,,,,,,,,,,,,,,,,Cataracts,Cyclic hematopoiesis,Hypothyroidism,Intervertebral disk disease,Progressive retinal atrophy,sebaceous adenitis,
"Poodle, miniature",Atopy,Cataracts,Cerebellar abiotrophy(ataxia),Coagulation (bleeding) disorders,Corneal dystrophy,"Cryptorchidism, retained testicle",Deafness,Diabetes mellitus,Entropion,Glaucoma,Globoid cell leukodystrophy (galactocerebrosidosis),Growth hormone-responsive dermatosis; adrenal sex hormone responsive dermatosis,Hyperadrenocorticism (Cushing's syndrome),Hypothyroidism,Idiopathic epilepsy,Immune-mediated hemolytic anemia (IMHA),Immune-mediated thrombocytopenia,Intervertebral disk disease,"Keratoconjunctivitis sicca (KCS) - ""dry eye""",Legg-CalvÃ©-Perthes disease,"Lupus erythematosus (systemic, cutaneous/discoid)",Microphthalmia; ocular dysgenesis,Mitral valve dysplasia,Optic nerve hypoplasia and micropapilla,Patellar luxation,Patent ductus arteriosus (PDA),Progressive retinal atrophy,Pyruvate kinase (PK) deficiency,Retinal dysplasia,"Third eyelid (nictitating membrane) abnormalities - ""cherry eye""",Urolithiasis (stones),congenital hypotrichosis,ectodermal defect,sebaceous adenitis,von Willebrand's disease,,,,,,,,,,,,,,
"Poodle, standard",Cataracts,Diabetes mellitus,Gastric dilatation-volvulus,Glaucoma,Hip dysplasia,Hyperadrenocorticism (Cushing's syndrome),Idiopathic epilepsy,Microphthalmia; ocular dysgenesis,Mitral valve dysplasia,Optic nerve hypoplasia and micropapilla,colour dilution alopecia,sebaceous adenitis,von Willebrand's disease,,,,,,,,,,,,,,,,,,,,,,,,,,,,,,Cataracts,Dilated cardiomyopathy,Hypoadrenocorticism (Addison's disease),Persistent pupillary membranes (PPM),Progressive retinal atrophy,Retinal dysplasia,
"Poodle, toy","Cryptorchidism, retained testicle",Deafness,Diabetes mellitus,Entropion,Glaucoma,Growth hormone-responsive dermatosis; adrenal sex hormone responsive dermatosis,Hydrocephalus,Hyperadrenocorticism (Cushing's syndrome),Idiopathic epilepsy,Immune-mediated thrombocytopenia,Legg-CalvÃ©-Perthes disease,Microphthalmia; ocular dysgenesis,Mitral valve dysplasia,Optic nerve hypoplasia and micropapilla,Patellar luxation,Patent ductus arteriosus (PDA),Progressive retinal atrophy,sebaceous adenitis,tracheal collapse,,,,,,,,,,,,,,,,,,,,,,,,Cataracts,Corneal dystrophy,Retinal dysplasia,Tetralogy of Fallot,congenital hypotrichosis,,
Portuguese water dog,Cataracts,Follicular dysplasias,Hip dysplasia,Lysosomal storage diseases,Microphthalmia; ocular dysgenesis,Persistent pupillary membranes (PPM),Progressive retinal atrophy,pattern baldness,,,,,,,,,,,,,,,,,,,,,,,,,,,,,,,,,,,Hypoadrenocorticism (Addison's disease),colour dilution alopecia,,,,,
Pug,Atopy,Demodicosis/ Demodectic mange,Entropion,"Exposure keratopathy syndrome (exophthalmos, lagophthalmos, and/or macroblepharon)",Fold dermatitis/pyoderma,Hemivertebra,"Keratoconjunctivitis sicca (KCS) - ""dry eye""",Meningitis,Sick sinus syndrome,brachycephalic syndrome,,,,,,,,,,,,,,,,,,,,,,,,,,,,,,,,,Cataracts,Legg-CalvÃ©-Perthes disease,Spina bifida,,,,
Puli,Cataracts,Hip dysplasia,Retinal dysplasia,,,,,,,,,,,,,,,,,,,,,,,,,,,,,,,,,,,,,,,,Cataracts,Retinal dysplasia,,,,,
Redbone coonhound,Entropion,Hip dysplasia,,,,,,,,,,,,,,,,,,,,,,,,,,,,,,,,,,,,,,,,,Progressive retinal atrophy,,,,,,
Rhodesian ridgeback,Cerebellar abiotrophy(ataxia),Cervical vertebral instability (Wobbler syndrome),Deafness,Hip dysplasia,dermoid sinus,,,,,,,,,,,,,,,,,,,,,,,,,,,,,,,,,,,,,,Cataracts,Degenerative myelopathy,Entropion,,,,
Rottweiler,Cataracts,Cervical vertebral instability (Wobbler syndrome),Deafness,Demodicosis/ Demodectic mange,Elbow dysplasia - OCD of the elbow,Entropion,Familial kidney disease,Hip dysplasia,Histiocytosis,Hyperadrenocorticism (Cushing's syndrome),Neuroaxonal dystrophy,Pancreatitis,Progressive retinal atrophy,Retinal dysplasia,Subaortic stenosis,X-linked muscular dystrophy,,,,,,,,,,,,,,,,,,,,,,,,,,,Corneal dystrophy,Familial kidney disease,Gastric dilatation-volvulus,Hemivertebra,Leukodystrophies,Microphthalmia; ocular dysgenesis,vitiligo
Saint Bernard,Cataracts,Coagulation (bleeding) disorders,Cutaneous asthenia (Ehlers-Danlos syndrome),Dermoids,Dilated cardiomyopathy,Ectropion,Elbow dysplasia - OCD of the elbow,Entropion,"Exposure keratopathy syndrome (exophthalmos, lagophthalmos, and/or macroblepharon)",Gastric dilatation-volvulus,Hip dysplasia,Idiopathic epilepsy,Microphthalmia; ocular dysgenesis,"Third eyelid (nictitating membrane) abnormalities - ""cherry eye""",,,,,,,,,,,,,,,,,,,,,,,,,,,,,Optic nerve hypoplasia and micropapilla,Retinal dysplasia,sebaceous adenitis,,,,
Saluki,Follicular dysplasias,colour dilution alopecia,,,,,,,,,,,,,,,,,,,,,,,,,,,,,,,,,,,,,,,,,Glaucoma,Lysosomal storage diseases,Progressive retinal atrophy,,,,
Samoyed,Atrial septal defect (ASD),Cataracts,Cerebellar abiotrophy(ataxia),Corneal dystrophy,Deafness,Familial kidney disease,Glaucoma,Growth hormone-responsive dermatosis; adrenal sex hormone responsive dermatosis,Hemophilia,Hip dysplasia,"Hypo-/dysmyelinogenesis (""shaking pup"")",Leukodystrophies,Osteochondrodysplasia - skeletal dwarfism,Progressive retinal atrophy,Pulmonic stenosis,Retinal dysplasia,Subaortic stenosis,X-linked muscular dystrophy,sebaceous adenitis,zinc-responsive dermatosis,,,,,,,,,,,,,,,,,,,,,,,Cerebellar abiotrophy(ataxia),Microphthalmia; ocular dysgenesis,Myasthenia gravis,Shaker dog syndrome,Spina bifida,,
Schipperke,Diabetes mellitus,Follicular dysplasias,Pemphigus,colour dilution alopecia,,,,,,,,,,,,,,,,,,,,,,,,,,,,,,,,,,,,,,,Cataracts,Progressive retinal atrophy,,,,,
"Schnauzer, giant",Hip dysplasia,Progressive retinal atrophy,Retinal dysplasia,Urolithiasis (stones),,,,,,,,,,,,,,,,,,,,,,,,,,,,,,,,,,,,,,,Hypothyroidism,,,,,,
"Schnauzer, miniature",Atopy,Cataracts,Cleft lip/palate,"Cryptorchidism, retained testicle",Diabetes mellitus,Glaucoma,Hyperlipoproteinemia,Hypothyroidism,Idiopathic epilepsy,Immune-mediated hemolytic anemia (IMHA),"Keratoconjunctivitis sicca (KCS) - ""dry eye""",Megaesophagus,Microphthalmia; ocular dysgenesis,Pancreatitis,Portosystemic shunt,Progressive retinal atrophy,Pulmonic stenosis,Schnauzer comedo syndrome,Sick sinus syndrome,Urolithiasis (stones),X-linked muscular dystrophy,von Willebrand's disease,,,,,,,,,,,,,,,,,,,,,Cutaneous asthenia (Ehlers-Danlos syndrome),Familial kidney disease,Lysosomal storage diseases,Optic nerve hypoplasia and micropapilla,Retinal dysplasia,Selective IgA deficiency,
"Schnauzer, standard",Cataracts,Hip dysplasia,"Keratoconjunctivitis sicca (KCS) - ""dry eye""",,,,,,,,,,,,,,,,,,,,,,,,,,,,,,,,,,,,,,,,Pulmonic stenosis,Retinal dysplasia,,,,,
Scottish deerhound,Dilated cardiomyopathy,Gastric dilatation-volvulus,Osteochondrodysplasia - skeletal dwarfism,,,,,,,,,,,,,,,,,,,,,,,,,,,,,,,,,,,,,,,,,,,,,,
Scottish terrier,Atopy,Cataracts,"Craniomandibular osteopathy (""lion jaw"")",Deafness,Hemophilia,Histiocytoma,Lens luxation,Persistent pupillary membranes (PPM),Pulmonic stenosis,Scotty cramp,von Willebrand's disease,,,,,,,,,,,,,,,,,,,,,,,,,,,,,,,,Chronic hepatitis,Leukodystrophies,Progressive retinal atrophy,sebaceous adenitis,,,
Sealyham terrier,Deafness,"Keratoconjunctivitis sicca (KCS) - ""dry eye""",Lens luxation,Retinal dysplasia,,,,,,,,,,,,,,,,,,,,,,,,,,,,,,,,,,,,,,,Cataracts,Glaucoma,Progressive retinal atrophy,,,,
Shar-pei (Chinese shar-pei),Atopy,Cataracts,Demodicosis/ Demodectic mange,Entropion,Familial kidney disease,Fold dermatitis/pyoderma,Hip dysplasia,Hypothyroidism,Megaesophagus,Selective IgA deficiency,"Third eyelid (nictitating membrane) abnormalities - ""cherry eye""",brachycephalic syndrome,cutaneous mucinosis,seborrhea,,,,,,,,,,,,,,,,,,,,,,,,,,,,,Glaucoma,Lens luxation,,,,,
Shetland sheepdog,Cataracts,Collie eye anomaly (CEA),Corneal dystrophy,"Cryptorchidism, retained testicle",Deafness,Dermatomyositis and ulcerative dermatosis,Hip dysplasia,Microphthalmia; ocular dysgenesis,Patent ductus arteriosus (PDA),Progressive retinal atrophy,colour dilution alopecia,von Willebrand's disease,,,,,,,,,,,,,,,,,,,,,,,,,,,,,,,Dermatomyositis and ulcerative dermatosis,Hemophilia,Hypothyroidism,Idiopathic epilepsy,"Lupus erythematosus (systemic, cutaneous/discoid)",,
Shiba Inu,Hip dysplasia,Hypothyroidism,,,,,,,,,,,,,,,,,,,,,,,,,,,,,,,,,,,,,,,,,Hypothyroidism,,,,,,
Shih tzu,Cataracts,Cleft lip/palate,Ectropion,Entropion,"Exposure keratopathy syndrome (exophthalmos, lagophthalmos, and/or macroblepharon)",Familial kidney disease,Hydrocephalus,Intervertebral disk disease,"Keratoconjunctivitis sicca (KCS) - ""dry eye""",Patellar luxation,Progressive retinal atrophy,"Third eyelid (nictitating membrane) abnormalities - ""cherry eye""",brachycephalic syndrome,dermoid sinus,,,,,,,,,,,,,,,,,,,,,,,,,,,,,Retinal dysplasia,Tricuspid valve dysplasia,Urolithiasis (stones),sebaceous adenitis,,,
Siberian husky,Cataracts,Corneal dystrophy,Entropion,Glaucoma,Hemophilia,Hip dysplasia,Laryngeal paralysis,Pannus - chronic superficial keratitis,Progressive retinal atrophy,zinc-responsive dermatosis,,,,,,,,,,,,,,,,,,,,,,,,,,,,,,,,,Degenerative myelopathy,Follicular dysplasias,Idiopathic epilepsy,"Lupus erythematosus (systemic, cutaneous/discoid)",Tetralogy of Fallot,Ventricular septal defect (VSD),
Silky terrier,Legg-CalvÃ©-Perthes disease,Leukodystrophies,Patellar luxation,,,,,,,,,,,,,,,,,,,,,,,,,,,,,,,,,,,,,,,,Cataracts,colour dilution alopecia,,,,,
Skye terrier,Chronic hepatitis,Lens luxation,,,,,,,,,,,,,,,,,,,,,,,,,,,,,,,,,,,,,,,,,Atopy,tracheal collapse,,,,,
Soft coated wheaten terrier,Cataracts,Familial kidney disease,Hypoadrenocorticism (Addison's disease),Microphthalmia; ocular dysgenesis,Protein-losing enteropathy,Retinal dysplasia,,,,,,,,,,,,,,,,,,,,,,,,,,,,,,,,,,,,,Cutaneous asthenia (Ehlers-Danlos syndrome),Progressive retinal atrophy,,,,,
Sough African Boerboel,Urolithiasis (stones),,,,,,,,,,,,,,,,,,,,,,,,,,,,,,,,,,,,,,,,,,,,,,,,
Staffordshire bull terrier,Cataracts,Demodicosis/ Demodectic mange,Hip dysplasia,,,,,,,,,,,,,,,,,,,,,,,,,,,,,,,,,,,,,,,,brachycephalic syndrome,,,,,,
Sussex spaniel,Retinal dysplasia,,,,,,,,,,,,,,,,,,,,,,,,,,,,,,,,,,,,,,,,,,Cataracts,Hip dysplasia,Pulmonic stenosis,,,,
Tibetan spaniel,Cataracts,Entropion,Progressive retinal atrophy,,,,,,,,,,,,,,,,,,,,,,,,,,,,,,,,,,,,,,,,Microphthalmia; ocular dysgenesis,Retinal dysplasia,,,,,
Tibetan terrier,Cataracts,Hip dysplasia,Lens luxation,Progressive retinal atrophy,,,,,,,,,,,,,,,,,,,,,,,,,,,,,,,,,,,,,,,Retinal dysplasia,,,,,,
Vizsla,Corneal dystrophy,Entropion,Hemophilia,Hip dysplasia,sebaceous adenitis,,,,,,,,,,,,,,,,,,,,,,,,,,,,,,,,,,,,,,Progressive retinal atrophy,,,,,,
Weimaraner,Elbow dysplasia - OCD of the elbow,Entropion,Gastric dilatation-volvulus,Hemophilia,Hip dysplasia,"Hypo-/dysmyelinogenesis (""shaking pup"")",Myelodysplasia (spinal dysraphism),"Third eyelid (nictitating membrane) abnormalities - ""cherry eye""",Tricuspid valve dysplasia,Urolithiasis (stones),Weimaraner immunodeficiency,sebaceous adenitis,,,,,,,,,,,,,,,,,,,,,,,,,,,,,,,Pituitary dwarfism,,,,,,
"Welsh Corgi, Cardigan",Intervertebral disk disease,Lens luxation,Persistent pupillary membranes (PPM),Progressive retinal atrophy,Retinal dysplasia,,,,,,,,,,,,,,,,,,,,,,,,,,,,,,,,,,,,,,Severe combined immunodeficiency (SCID),,,,,,
Welsh springer spaniel,Cataracts,Glaucoma,Hip dysplasia,Progressive retinal atrophy,,,,,,,,,,,,,,,,,,,,,,,,,,,,,,,,,,,,,,,Hypothyroidism,,,,,,
Welsh terrier,Lens luxation,,,,,,,,,,,,,,,,,,,,,,,,,,,,,,,,,,,,,,,,,,Glaucoma,Idiopathic epilepsy,"Keratoconjunctivitis sicca (KCS) - ""dry eye""",,,,
West Highland white terrier,Atopy,Cataracts,Chronic hepatitis,"Craniomandibular osteopathy (""lion jaw"")",Deafness,Globoid cell leukodystrophy (galactocerebrosidosis),"Keratoconjunctivitis sicca (KCS) - ""dry eye""",Legg-CalvÃ©-Perthes disease,Mellitus,Persistent pupillary membranes (PPM),Pulmonic stenosis,Pyruvate kinase (PK) deficiency,Shaker dog syndrome,epidermal dysplasia,ichthyosis,seborrhea,,,,,,,,,,,,,,,,,,,,,,,,,,,Glaucoma,Hypoadrenocorticism (Addison's disease),Retinal dysplasia,Selective IgA deficiency,,,
Whippet,Cataracts,Phosphofructokinase (PFK) deficiency,colour dilution alopecia,ectodermal defect,pattern baldness,,,,,,,,,,,,,,,,,,,,,,,,,,,,,,,,,,,,,,Corneal dystrophy,Progressive retinal atrophy,,,,,
Wire-haired pointing griffon,Hip dysplasia,,,,,,,,,,,,,,,,,,,,,,,,,,,,,,,,,,,,,,,,,,Progressive retinal atrophy,,,,,,
Yorkshire terrier,Cataracts,"Cryptorchidism, retained testicle",Entropion,Hydrocephalus,Hyperadrenocorticism (Cushing's syndrome),"Keratoconjunctivitis sicca (KCS) - ""dry eye""",Legg-CalvÃ©-Perthes disease,Patellar luxation,Patent ductus arteriosus (PDA),Portosystemic shunt,Progressive retinal atrophy,Retinal dysplasia,Shaker dog syndrome,Urolithiasis (stones),colour dilution alopecia,congenital hypotrichosis,tracheal collapse,,,,,,,,,,,,,,,,,,,,,,,,,,Corneal dystrophy,dermoid sinus,,,,,
